{"MRRm_new": 0.12229999163479079, "MRm_new": 3457.3636456918716, "HITS@1m_new": 0.09000000029802323, "HITS@3m_new": 0.1197055122628808, "HITS@10m_new": 0.20011433389037847}