{"MRRm_new": 0.1312784211536382, "MRm_new": 16266.763788520098, "HITS@1m_new": 0.07938354521989822, "HITS@3m_new": 0.15178716162219644, "HITS@10m_new": 0.24738402957096695}