{"MRRm_new": 0.20449163156079522, "MRm_new": 8324.867608587741, "HITS@1m_new": 0.12550568571314216, "HITS@3m_new": 0.2293588559795171, "HITS@10m_new": 0.36607596014626326}