{"MRRm_new": 0.2469707285745244, "MRm_new": 1458.7729296302796, "HITS@1m_new": 0.1557935880497098, "HITS@3m_new": 0.2912145845219493, "HITS@10m_new": 0.40863316657952964}