{"MRRm_new": 0.20837211153295357, "MRm_new": 634.1986384224891, "HITS@1m_new": 0.1509479548037052, "HITS@3m_new": 0.21133889987599105, "HITS@10m_new": 0.3369825867237523}