{"MRRm_new": 0.128121987539198, "MRm_new": 2814.3352754068374, "HITS@1m_new": 0.06955867659067735, "HITS@3m_new": 0.13994191124802455, "HITS@10m_new": 0.24262335569015703}