{"MRRm_new": 0.15454827063251286, "MRm_new": 578.5049391317367, "HITS@1m_new": 0.11166914252797142, "HITS@3m_new": 0.16129421004559844, "HITS@10m_new": 0.2255360403796658}