{"MRRm_new": 0.3074118920075307, "MRm_new": 1652.754482845068, "HITS@1m_new": 0.20964490953832865, "HITS@3m_new": 0.3435692628473043, "HITS@10m_new": 0.5355046469531953}