{"MRRm_new": 0.45169271084076174, "MRm_new": 992.0662078690528, "HITS@1m_new": 0.33242218535393475, "HITS@3m_new": 0.49864227913320064, "HITS@10m_new": 0.7014927433431148}