{"MRRm_new": 0.19354511072328023, "MRm_new": 520.1833383011818, "HITS@1m_new": 0.11955666902242229, "HITS@3m_new": 0.2322952062357217, "HITS@10m_new": 0.32931916140019896}