{"MRRm_new": 0.22961535788679613, "MRm_new": 313.6083643698692, "HITS@1m_new": 0.15772024303674698, "HITS@3m_new": 0.24181549645960332, "HITS@10m_new": 0.36917093220166863}