{"MRRm_new": 0.42453247682253276, "MRm_new": 2666.924351340532, "HITS@1m_new": 0.31394603170454505, "HITS@3m_new": 0.4712925181165338, "HITS@10m_new": 0.6321622029691935}